{"decorr_loss":0.1276460587978363,"total_loss":0.040517427027225494,"_timestamp":1.7665540070119972e+09,"_step":49,"epoch":9,"_wandb":{"runtime":97},"_runtime":97,"loss":0.027752822265028954}